,Player,Link,Player_name(param),Player_id(param)
0,﻿Robert Green,/en/players/a350680b/Robert-Green,Robert-Green,a350680b
1,Gary Holt,/en/players/d2337a97/Gary-Holt,Gary-Holt,d2337a97
2,Adam Drury,/en/players/cc8f5f70/Adam-Drury,Adam-Drury,cc8f5f70
3,Paul McVeigh,/en/players/ccbff661/Paul-McVeigh,Paul-McVeigh,ccbff661
4,Darren Kenton,/en/players/93040d46/Darren-Kenton,Darren-Kenton,93040d46
5,Malky Mackay,/en/players/d565039b/Malky-Mackay,Malky-Mackay,d565039b
6,Steen Nedergaard,/en/players/915ecffb/Steen-Nedergaard,Steen-Nedergaard,915ecffb
7,Iwan Roberts,/en/players/9aeddde0/Iwan-Roberts,Iwan-Roberts,9aeddde0
8,Philip Mulryne,/en/players/03bd078e/Philip-Mulryne,Philip-Mulryne,03bd078e
9,Craig Fleming,/en/players/14cfdd19/Craig-Fleming,Craig-Fleming,14cfdd19
10,Mark Rivers,/en/players/a7aa42c1/Mark-Rivers,Mark-Rivers,a7aa42c1
11,Clint Easton,/en/players/b334dc77/Clint-Easton,Clint-Easton,b334dc77
12,Darel Russell,/en/players/78b23d1a/Darel-Russell,Darel-Russell,78b23d1a
13,Zema Abbey,/en/players/d0d26135/Zema-Abbey,Zema-Abbey,d0d26135
14,David Nielsen,/en/players/f89c3928/David-Nielsen,David-Nielsen,f89c3928
15,Paul Heckingbottom,/en/players/711cc4b8/Paul-Heckingbottom,Paul-Heckingbottom,711cc4b8
16,Ian Henderson,/en/players/afb0fae3/Ian-Henderson,Ian-Henderson,afb0fae3
17,Alex Notman,/en/players/e2795564/Alex-Notman,Alex-Notman,e2795564
18,Chris Llewellyn,/en/players/eceb05d6/Chris-Llewellyn,Chris-Llewellyn,eceb05d6
19,Jason Shackell,/en/players/8d8655a9/Jason-Shackell,Jason-Shackell,8d8655a9
20,Ryan Jarvis,/en/players/c1152711/Ryan-Jarvis,Ryan-Jarvis,c1152711
21,Keith Briggs,/en/players/afebe639/Keith-Briggs,Keith-Briggs,afebe639
22,Dean Sinclair,/en/players/d193119d/Dean-Sinclair,Dean-Sinclair,d193119d
23,﻿Craig Fleming,/en/players/14cfdd19/Craig-Fleming,Craig-Fleming,14cfdd19
24,Robert Green,/en/players/a350680b/Robert-Green,Robert-Green,a350680b
25,Damien Francis,/en/players/5a0cd907/Damien-Francis,Damien-Francis,5a0cd907
26,Darren Huckerby,/en/players/906c8f78/Darren-Huckerby,Darren-Huckerby,906c8f78
27,Mathias Svensson,/en/players/d735eec3/Mathias-Svensson,Mathias-Svensson,d735eec3
28,Peter Crouch,/en/players/73d9bdc7/Peter-Crouch,Peter-Crouch,73d9bdc7
29,Leon McKenzie,/en/players/52e5b37f/Leon-McKenzie,Leon-McKenzie,52e5b37f
30,Kevin Harper,/en/players/af21d7af/Kevin-Harper,Kevin-Harper,af21d7af
31,Kevin Cooper,/en/players/5e9222c7/Kevin-Cooper,Kevin-Cooper,5e9222c7
32,Jim Brennan,/en/players/67b576b3/Jim-Brennan,Jim-Brennan,67b576b3
33,Elvis Hammond,/en/players/51ca8fed/Elvis-Hammond,Elvis-Hammond,51ca8fed
34,Marc Edworthy,/en/players/fc761a49/Marc-Edworthy,Marc-Edworthy,fc761a49
35,David Bentley,/en/players/a00fbcec/David-Bentley,David-Bentley,a00fbcec
36,Simon Charlton,/en/players/d52b42c9/Simon-Charlton,Simon-Charlton,d52b42c9
37,Mattias Jonson,/en/players/ba36e6b1/Mattias-Jonson,Mattias-Jonson,ba36e6b1
38,Gary Doherty,/en/players/db5c50dd/Gary-Doherty,Gary-Doherty,db5c50dd
39,Dean Ashton,/en/players/093e333b/Dean-Ashton,Dean-Ashton,093e333b
40,Thomas Helveg,/en/players/8388b5e0/Thomas-Helveg,Thomas-Helveg,8388b5e0
41,Youssef Safri,/en/players/96c42690/Youssef-Safri,Youssef-Safri,96c42690
42,Graham Stuart,/en/players/159c714f/Graham-Stuart,Graham-Stuart,159c714f
43,Danny Crow,/en/players/1e832e99/Danny-Crow,Danny-Crow,1e832e99
44,Darren Ward,/en/players/50a0781d/Darren-Ward,Darren-Ward,50a0781d
45,Andrew Hughes,/en/players/f63b342e/Andrew-Hughes,Andrew-Hughes,f63b342e
46,Jürgen Colin,/en/players/649508b1/Jurgen-Colin,Jurgen-Colin,649508b1
47,Jason Jarrett,/en/players/84067873/Jason-Jarrett,Jason-Jarrett,84067873
48,Carl Robinson,/en/players/9e083748/Carl-Robinson,Carl-Robinson,9e083748
49,Calum Davenport,/en/players/8f59901c/Calum-Davenport,Calum-Davenport,8f59901c
50,Robert Earnshaw,/en/players/b3f4b640/Robert-Earnshaw,Robert-Earnshaw,b3f4b640
51,Dean Marney,/en/players/b3379356/Dean-Marney,Dean-Marney,b3379356
52,Peter Thorne,/en/players/38a0c758/Peter-Thorne,Peter-Thorne,38a0c758
53,Jonatan Johansson,/en/players/bc8c9864/Jonatan-Johansson,Jonatan-Johansson,bc8c9864
54,Zesh Rehman,/en/players/25f78221/Zesh-Rehman,Zesh-Rehman,25f78221
55,Paul Gallacher,/en/players/d3c26f23/Paul-Gallacher,Paul-Gallacher,d3c26f23
56,Matthieu Louis-Jean,/en/players/e4fe8f53/Matthieu-Louis-Jean,Matthieu-Louis-Jean,e4fe8f53
57,﻿Jason Shackell,/en/players/8d8655a9/Jason-Shackell,Jason-Shackell,8d8655a9
58,Dickson Etuhu,/en/players/0f04d7b6/Dickson-Etuhu,Dickson-Etuhu,0f04d7b6
59,Lee Croft,/en/players/02f652d8/Lee-Croft,Lee-Croft,02f652d8
60,Tony Warner,/en/players/81e115a9/Tony-Warner,Tony-Warner,81e115a9
61,Simon Lappin,/en/players/a985ccde/Simon-Lappin,Simon-Lappin,a985ccde
62,Luke Chadwick,/en/players/9c35f696/Luke-Chadwick,Luke-Chadwick,9c35f696
63,Chris Martin,/en/players/c21e39f9/Chris-Martin,Chris-Martin,c21e39f9
64,Mark Fotheringham,/en/players/b109b36c/Mark-Fotheringham,Mark-Fotheringham,b109b36c
65,Michael Spillane,/en/players/66734ed4/Michael-Spillane,Michael-Spillane,66734ed4
66,Robert Eagle,/en/players/8581585c/Robert-Eagle,Robert-Eagle,8581585c
67,Chris Brown,/en/players/baf27774/Chris-Brown,Chris-Brown,baf27774
68,Patrick Boyle,/en/players/5aac8956/Patrick-Boyle,Patrick-Boyle,5aac8956
69,David Marshall,/en/players/4d93d433/David-Marshall,David-Marshall,4d93d433
70,Jamie Ashdown,/en/players/0f056348/Jamie-Ashdown,Jamie-Ashdown,0f056348
71,Kris Renton,/en/players/97a737b5/Kris-Renton,Kris-Renton,97a737b5
72,﻿David Marshall,/en/players/4d93d433/David-Marshall,David-Marshall,4d93d433
73,Jon Otsemobor,/en/players/9ced37b6/Jon-Otsemobor,Jon-Otsemobor,9ced37b6
74,Jamie Cureton,/en/players/42f6103b/Jamie-Cureton,Jamie-Cureton,42f6103b
75,Dion Dublin,/en/players/a0886d18/Dion-Dublin,Dion-Dublin,a0886d18
76,Matty Pattison,/en/players/5a34dfe5/Matty-Pattison,Matty-Pattison,5a34dfe5
77,Ched Evans,/en/players/bb770c52/Ched-Evans,Ched-Evans,bb770c52
78,Mo Camara,/en/players/70e8a77f/Mo-Camara,Mo-Camara,70e8a77f
79,Ryan Bertrand,/en/players/01226327/Ryan-Bertrand,Ryan-Bertrand,01226327
80,Alex Pearce,/en/players/66e0514a/Alex-Pearce,Alex-Pearce,66e0514a
81,Ian Murray,/en/players/9beb28fd/Ian-Murray,Ian-Murray,9beb28fd
82,Julien Brellier,/en/players/1a26e42a/Julien-Brellier,Julien-Brellier,1a26e42a
83,Martin Taylor,/en/players/08840bbf/Martin-Taylor,Martin-Taylor,08840bbf
84,Kieran Gibbs,/en/players/46ee5234/Kieran-Gibbs,Kieran-Gibbs,46ee5234
85,Jimmy Smith,/en/players/5ed1816c/Jimmy-Smith,Jimmy-Smith,5ed1816c
86,Rossi Jarvis,/en/players/8f3f4b98/Rossi-Jarvis,Rossi-Jarvis,8f3f4b98
87,David Střihavka,/en/players/6e18e869/David-Strihavka,David-Strihavka,6e18e869
88,John Hartson,/en/players/10d28fb8/John-Hartson,John-Hartson,10d28fb8
89,Matthew Bates,/en/players/dd7a0bfe/Matthew-Bates,Matthew-Bates,dd7a0bfe
90,Juan Velasco Damas,/en/players/6630e590/Juan-Velasco-Damas,Juan-Velasco-Damas,6630e590
91,James Henry,/en/players/c354b50c/James-Henry,James-Henry,c354b50c
92,Maceo Rigters,/en/players/edc626e2/Maceo-Rigters,Maceo-Rigters,edc626e2
93,Sammy Clingan,/en/players/f67bdda1/Sammy-Clingan,Sammy-Clingan,f67bdda1
94,Elliot Omozusi,/en/players/cb604608/Elliot-Omozusi,Elliot-Omozusi,cb604608
95,Leroy Lita,/en/players/238f467d/Leroy-Lita,Leroy-Lita,238f467d
96,John Kennedy,/en/players/f8cdd6be/John-Kennedy,John-Kennedy,f8cdd6be
97,Jonathan Grounds,/en/players/21a02da8/Jonathan-Grounds,Jonathan-Grounds,21a02da8
98,Antoine Sibierski,/en/players/22936ff2/Antoine-Sibierski,Antoine-Sibierski,22936ff2
99,David Bell,/en/players/2c2ca58b/David-Bell,David-Bell,2c2ca58b
100,Dejan Stefanović,/en/players/1efa2799/Dejan-Stefanovic,Dejan-Stefanovic,1efa2799
101,Alan Gow,/en/players/68b4a94c/Alan-Gow,Alan-Gow,68b4a94c
102,Dave Mooney,/en/players/fb6f5a60/Dave-Mooney,Dave-Mooney,fb6f5a60
103,Carl Cort,/en/players/c07f2109/Carl-Cort,Carl-Cort,c07f2109
104,Arturo Lupoli,/en/players/2ab6b9d1/Arturo-Lupoli,Arturo-Lupoli,2ab6b9d1
105,Alan Lee,/en/players/9e5eb5cd/Alan-Lee,Alan-Lee,9e5eb5cd
106,David Carney,/en/players/f3041886/David-Carney,David-Carney,f3041886
107,Omar Koroma,/en/players/a049b8dd/Omar-Koroma,Omar-Koroma,a049b8dd
108,Cody McDonald,/en/players/3d02518d/Cody-McDonald,Cody-McDonald,3d02518d
109,Korey Smith,/en/players/b80dbb09/Korey-Smith,Korey-Smith,b80dbb09
110,Adrian Leijer,/en/players/6d6e2b7f/Adrian-Leijer,Adrian-Leijer,6d6e2b7f
111,Chris Killen,/en/players/87b7b50e/Chris-Killen,Chris-Killen,87b7b50e
112,Luke Daley,/en/players/5f3c3191/Luke-Daley,Luke-Daley,5f3c3191
113,﻿Simon Lappin,/en/players/a985ccde/Simon-Lappin,Simon-Lappin,a985ccde
114,Grant Holt,/en/players/1b64c1b2/Grant-Holt,Grant-Holt,1b64c1b2
115,Wes Hoolahan,/en/players/5236a502/Wes-Hoolahan,Wes-Hoolahan,5236a502
116,Michael Nelson,/en/players/bee6a418/Michael-Nelson,Michael-Nelson,bee6a418
117,Russell Martin,/en/players/24952f1e/Russell-Martin,Russell-Martin,24952f1e
118,Jens Berthel Askou,/en/players/a8f331e0/Jens-Berthel-Askou,Jens-Berthel-Askou,a8f331e0
119,Stephen Hughes,/en/players/47bf1b63/Stephen-Hughes,Stephen-Hughes,47bf1b63
120,Michael Rose,/en/players/d3203787/Michael-Rose,Michael-Rose,d3203787
121,Anthony McNamee,/en/players/abd2cf8d/Anthony-McNamee,Anthony-McNamee,abd2cf8d
122,Matthew Gill,/en/players/09416589/Matthew-Gill,Matthew-Gill,09416589
123,Oli Johnson,/en/players/e01a4c75/Oli-Johnson,Oli-Johnson,e01a4c75
124,Declan Rudd,/en/players/42f4f848/Declan-Rudd,Declan-Rudd,42f4f848
125,Stephen Elliott,/en/players/605d320e/Stephen-Elliott,Stephen-Elliott,605d320e
126,Ben Alnwick,/en/players/55b11e73/Ben-Alnwick,Ben-Alnwick,55b11e73
127,Simon Whaley,/en/players/0d4685ee/Simon-Whaley,Simon-Whaley,0d4685ee
128,Tom Adeyemi,/en/players/e278cebf/Tom-Adeyemi,Tom-Adeyemi,e278cebf
129,Owain Tudur Jones,/en/players/00b07a48/Owain-Tudur-Jones,Owain-Tudur-Jones,00b07a48
130,George Francomb,/en/players/20b32465/George-Francomb,George-Francomb,20b32465
131,Zak Whitbread,/en/players/846e7a85/Zak-Whitbread,Zak-Whitbread,846e7a85
132,Michael Theo,/en/players/003b167b/Michael-Theo,Michael-Theo,003b167b
133,John Ruddy,/en/players/da8b19e2/John-Ruddy,John-Ruddy,da8b19e2
134,Andrew Crofts,/en/players/5ba16a76/Andrew-Crofts,Andrew-Crofts,5ba16a76
135,Elliott Ward,/en/players/58e98028/Elliott-Ward,Elliott-Ward,58e98028
136,David Fox,/en/players/102a7473/David-Fox,David-Fox,102a7473
137,Leon Barnett,/en/players/76854cdf/Leon-Barnett,Leon-Barnett,76854cdf
138,Simeon Jackson,/en/players/8f8bbbac/Simeon-Jackson,Simeon-Jackson,8f8bbbac
139,Andrew Surman,/en/players/7d41b619/Andrew-Surman,Andrew-Surman,7d41b619
140,Henri Lansbury,/en/players/fe8e6fa1/Henri-Lansbury,Henri-Lansbury,fe8e6fa1
141,Marc Tierney,/en/players/d4c01c38/Marc-Tierney,Marc-Tierney,d4c01c38
142,Aaron Wilbraham,/en/players/9b2c7f55/Aaron-Wilbraham,Aaron-Wilbraham,9b2c7f55
143,Steven Smith,/en/players/ece7ecd5/Steven-Smith,Steven-Smith,ece7ecd5
144,Daniel Pacheco,/en/players/5b2a4b8d/Daniel-Pacheco,Daniel-Pacheco,5b2a4b8d
145,Sam Vokes,/en/players/1d6ac165/Sam-Vokes,Sam-Vokes,1d6ac165
146,Rob Edwards,/en/players/270efb21/Rob-Edwards,Rob-Edwards,270efb21
147,﻿John Ruddy,/en/players/da8b19e2/John-Ruddy,John-Ruddy,da8b19e2
148,Kyle Naughton,/en/players/e860c42f/Kyle-Naughton,Kyle-Naughton,e860c42f
149,Bradley Johnson,/en/players/e0d9bbbe/Bradley-Johnson,Bradley-Johnson,e0d9bbbe
150,Anthony Pilkington,/en/players/b31af577/Anthony-Pilkington,Anthony-Pilkington,b31af577
151,Steve Morison,/en/players/292064fa/Steve-Morison,Steve-Morison,292064fa
152,Elliott Bennett,/en/players/02c9ea40/Elliott-Bennett,Elliott-Bennett,02c9ea40
153,Jonny Howson,/en/players/08b10f50/Jonny-Howson,Jonny-Howson,08b10f50
154,Ryan Bennett,/en/players/0bad4516/Ryan-Bennett,Ryan-Bennett,0bad4516
155,Daniel Ayala,/en/players/302560a0/Daniel-Ayala,Daniel-Ayala,302560a0
156,Ritchie De Laet,/en/players/dc234f98/Ritchie-De-Laet,Ritchie-De-Laet,dc234f98
157,James Vaughan,/en/players/4fb0dc59/James-Vaughan,James-Vaughan,4fb0dc59
158,Robert Snodgrass,/en/players/9f4647e9/Robert-Snodgrass,Robert-Snodgrass,9f4647e9
159,Javier Garrido,/en/players/3b142ce5/Javier-Garrido,Javier-Garrido,3b142ce5
160,Sébastien Bassong,/en/players/0d521662/Sebastien-Bassong,Sebastien-Bassong,0d521662
161,Michael Turner,/en/players/422a65eb/Michael-Turner,Michael-Turner,422a65eb
162,Mark Bunn,/en/players/a6738b6c/Mark-Bunn,Mark-Bunn,a6738b6c
163,Alexander Tettey,/en/players/75566759/Alexander-Tettey,Alexander-Tettey,75566759
164,Steven Whittaker,/en/players/06f81a8c/Steven-Whittaker,Steven-Whittaker,06f81a8c
165,Kei Kamara,/en/players/6e3f3809/Kei-Kamara,Kei-Kamara,6e3f3809
166,Luciano Becchio,/en/players/3b3d4028/Luciano-Becchio,Luciano-Becchio,3b3d4028
167,Lee Camp,/en/players/df4b8b69/Lee-Camp,Lee-Camp,df4b8b69
168,Harry Kane,/en/players/21a66f6a/Harry-Kane,Harry-Kane,21a66f6a
169,Martin Olsson,/en/players/2f72f79e/Martin-Olsson,Martin-Olsson,2f72f79e
170,Leroy Fer,/en/players/3cefa66a/Leroy-Fer,Leroy-Fer,3cefa66a
171,Nathan Redmond,/en/players/ab651565/Nathan-Redmond,Nathan-Redmond,ab651565
172,Gary Hooper,/en/players/b73ce4ba/Gary-Hooper,Gary-Hooper,b73ce4ba
173,Johan Elmander,/en/players/3438cef9/Johan-Elmander,Johan-Elmander,3438cef9
174,Ricky van Wolfswinkel,/en/players/dbe16ade/Ricky-van-Wolfswinkel,Ricky-van-Wolfswinkel,dbe16ade
175,Joseph Yobo,/en/players/acd633df/Joseph-Yobo,Joseph-Yobo,acd633df
176,Jonás Gutiérrez,/en/players/816fd91c/Jonas-Gutierrez,Jonas-Gutierrez,816fd91c
177,Josh Murphy,/en/players/b30c7426/Josh-Murphy,Josh-Murphy,b30c7426
178,Jamar Loza,/en/players/e8f3848e/Jamar-Loza,Jamar-Loza,e8f3848e
179,Cameron Jerome,/en/players/680fb5ee/Cameron-Jerome,Cameron-Jerome,680fb5ee
180,Lewis Grabban,/en/players/1a857282/Lewis-Grabban,Lewis-Grabban,1a857282
181,Graham Dorrans,/en/players/eeb032db/Graham-Dorrans,Graham-Dorrans,eeb032db
182,Kyle Lafferty,/en/players/3bf81c50/Kyle-Lafferty,Kyle-Lafferty,3bf81c50
183,Gary O'Neil,/en/players/754d4ac4/Gary-ONeil,Gary-ONeil,754d4ac4
184,Carlos Cuéllar,/en/players/1222ab35/Carlos-Cuellar,Carlos-Cuellar,1222ab35
185,Jos Hooiveld,/en/players/f544a6ab/Jos-Hooiveld,Jos-Hooiveld,f544a6ab
186,Vadis Odjidja-Ofoe,/en/players/518918ad/Vadis-Odjidja-Ofoe,Vadis-Odjidja-Ofoe,518918ad
187,Tony Andreu,/en/players/15504546/Tony-Andreu,Tony-Andreu,15504546
188,Conor McGrandles,/en/players/6e92d06e/Conor-McGrandles,Conor-McGrandles,6e92d06e
189,Carlton Morris,/en/players/2da834f1/Carlton-Morris,Carlton-Morris,2da834f1
190,Ignasi Miquel,/en/players/174f09a6/Ignasi-Miquel,Ignasi-Miquel,174f09a6
191,Jacob Murphy,/en/players/de112b84/Jacob-Murphy,Jacob-Murphy,de112b84
192,﻿Robbie Brady,/en/players/96bb8cc2/Robbie-Brady,Robbie-Brady,96bb8cc2
193,Dieumerci Mbokani,/en/players/d9847696/Dieumerci-Mbokani,Dieumerci-Mbokani,d9847696
194,Matt Jarvis,/en/players/02d6d2b4/Matt-Jarvis,Matt-Jarvis,02d6d2b4
195,Steven Naismith,/en/players/5e98c186/Steven-Naismith,Steven-Naismith,5e98c186
196,Timm Klose,/en/players/5f1d07f6/Timm-Klose,Timm-Klose,5f1d07f6
197,Andre Wisdom,/en/players/ab6a3628/Andre-Wisdom,Andre-Wisdom,ab6a3628
198,Ivo Pinto,/en/players/8d82551b/Ivo-Pinto,Ivo-Pinto,8d82551b
199,Youssouf Mulumbu,/en/players/a275b145/Youssouf-Mulumbu,Youssouf-Mulumbu,a275b145
200,Patrick Bamford,/en/players/93feac6e/Patrick-Bamford,Patrick-Bamford,93feac6e
201,Robbie Brady,/en/players/96bb8cc2/Robbie-Brady,Robbie-Brady,96bb8cc2
202,Michael McGovern,/en/players/51a19d04/Michael-McGovern,Michael-McGovern,51a19d04
203,Alex Pritchard,/en/players/ff9fcd4d/Alex-Pritchard,Alex-Pritchard,ff9fcd4d
204,Nélson Oliveira,/en/players/f716e4e4/Nelson-Oliveira,Nelson-Oliveira,f716e4e4
205,Mitchell Dijks,/en/players/0a3065c8/Mitchell-Dijks,Mitchell-Dijks,0a3065c8
206,Yanic Wildschut,/en/players/99bfdcb6/Yanic-Wildschut,Yanic-Wildschut,99bfdcb6
207,Sergi Canós,/en/players/1137759d/Sergi-Canos,Sergi-Canos,1137759d
208,Louis Thompson,/en/players/390a1184/Louis-Thompson,Louis-Thompson,390a1184
209,James Maddison,/en/players/ee38d9c5/James-Maddison,James-Maddison,ee38d9c5
210,Ben Godfrey,/en/players/9f7c837d/Ben-Godfrey,Ben-Godfrey,9f7c837d
211,Paul Jones,/en/players/a664a8de/Paul-Jones,Paul-Jones,a664a8de
212,﻿Angus Gunn,/en/players/e082af5b/Angus-Gunn,Angus-Gunn,e082af5b
213,Harrison Reed,/en/players/803ae100/Harrison-Reed,Harrison-Reed,803ae100
214,Christoph Zimmermann,/en/players/2d5f03bf/Christoph-Zimmermann,Christoph-Zimmermann,2d5f03bf
215,Mario Vrančić,/en/players/16fa6881/Mario-Vrancic,Mario-Vrancic,16fa6881
216,Grant Hanley,/en/players/e9254eec/Grant-Hanley,Grant-Hanley,e9254eec
217,Jamal Lewis,/en/players/efb9215a/Jamal-Lewis,Jamal-Lewis,efb9215a
218,Tom Trybull,/en/players/552aa16c/Tom-Trybull,Tom-Trybull,552aa16c
219,Marco Stiepermann,/en/players/b606638c/Marco-Stiepermann,Marco-Stiepermann,b606638c
220,James Husband,/en/players/33e2d513/James-Husband,James-Husband,33e2d513
221,Marley Watkins,/en/players/458d0061/Marley-Watkins,Marley-Watkins,458d0061
222,Moritz Leitner,/en/players/9460aaed/Moritz-Leitner,Moritz-Leitner,9460aaed
223,Dennis Srbeny,/en/players/1fdec858/Dennis-Srbeny,Dennis-Srbeny,1fdec858
224,Onel Hernández,/en/players/007b39a5/Onel-Hernandez,Onel-Hernandez,007b39a5
225,Marcel Franke,/en/players/788da372/Marcel-Franke,Marcel-Franke,788da372
226,Sean Raggett,/en/players/5dd438af/Sean-Raggett,Sean-Raggett,5dd438af
227,Marcus Edwards,/en/players/57760e66/Marcus-Edwards,Marcus-Edwards,57760e66
228,Todd Cantwell,/en/players/f63d8a4b/Todd-Cantwell,Todd-Cantwell,f63d8a4b
229,Adam Phillips,/en/players/34faec43/Adam-Phillips,Adam-Phillips,34faec43
230,﻿Tim Krul,/en/players/f23f9d20/Tim-Krul,Tim-Krul,f23f9d20
231,Teemu Pukki,/en/players/0745b37d/Teemu-Pukki,Teemu-Pukki,0745b37d
232,Max Aarons,/en/players/774cf58b/Max-Aarons,Max-Aarons,774cf58b
233,Emi Buendía,/en/players/66b76d44/Emi-Buendia,Emi-Buendia,66b76d44
234,Kenny McLean,/en/players/471f16b3/Kenny-McLean,Kenny-McLean,471f16b3
235,Jordan Rhodes,/en/players/3b8b641c/Jordan-Rhodes,Jordan-Rhodes,3b8b641c
236,Ben Marshall,/en/players/bc1e204d/Ben-Marshall,Ben-Marshall,bc1e204d
237,Felix Passlack,/en/players/5c899683/Felix-Passlack,Felix-Passlack,5c899683
238,Oluwarotimi Odusina,/en/players/a01c4240/Oluwarotimi-Odusina,Oluwarotimi-Odusina,a01c4240
239,Aston Oxborough,/en/players/0a3e7440/Aston-Oxborough,Aston-Oxborough,0a3e7440
240,﻿Max Aarons,/en/players/774cf58b/Max-Aarons,Max-Aarons,774cf58b
241,Tim Krul,/en/players/f23f9d20/Tim-Krul,Tim-Krul,f23f9d20
242,Sam Byram,/en/players/1bf811d4/Sam-Byram,Sam-Byram,1bf811d4
243,Ondrej Duda,/en/players/79ca3e23/Ondrej-Duda,Ondrej-Duda,79ca3e23
244,Ibrahim Amadou,/en/players/9260926b/Ibrahim-Amadou,Ibrahim-Amadou,9260926b
245,Lukas Rupp,/en/players/3faa1780/Lukas-Rupp,Lukas-Rupp,3faa1780
246,Josip Drmić,/en/players/15ea94de/Josip-Drmic,Josip-Drmic,15ea94de
247,Adam Idah,/en/players/291e3ec3/Adam-Idah,Adam-Idah,291e3ec3
248,Ralf Fährmann,/en/players/1e43fad8/Ralf-Fahrmann,Ralf-Fahrmann,1e43fad8
249,Josh Martin,/en/players/3f072a68/Josh-Martin,Josh-Martin,3f072a68
250,Patrick Roberts,/en/players/59d93937/Patrick-Roberts,Patrick-Roberts,59d93937
251,Jordan Thomas,/en/players/b547f08c/Jordan-Thomas,Jordan-Thomas,b547f08c
252,Daniel Adshead,/en/players/8f817fc7/Daniel-Adshead,Daniel-Adshead,8f817fc7
253,Philip Heise,/en/players/ef66b362/Philip-Heise,Philip-Heise,ef66b362
254,Archie Mair,/en/players/70e9afd8/Archie-Mair,Archie-Mair,70e9afd8
255,Oliver Skipp,/en/players/6250083a/Oliver-Skipp,Oliver-Skipp,6250083a
256,Ben Gibson,/en/players/bcfb0142/Ben-Gibson,Ben-Gibson,bcfb0142
257,Jakob Sørensen,/en/players/953c30b0/Jakob-Sorensen,Jakob-Sorensen,953c30b0
258,Dimitris Giannoulis,/en/players/112c495e/Dimitris-Giannoulis,Dimitris-Giannoulis,112c495e
259,Kieran Dowell,/en/players/2f6ec02a/Kieran-Dowell,Kieran-Dowell,2f6ec02a
260,Xavi Quintillà,/en/players/84fb6aff/Xavi-Quintilla,Xavi-Quintilla,84fb6aff
261,Przemysław Płacheta,/en/players/3c33f9d9/Przemyslaw-Placheta,Przemyslaw-Placheta,3c33f9d9
262,Andrew Omobamidele,/en/players/c393a6c4/Andrew-Omobamidele,Andrew-Omobamidele,c393a6c4
263,Jordan Hugill,/en/players/a36d4785/Jordan-Hugill,Jordan-Hugill,a36d4785
264,Daniel Barden,/en/players/f670e314/Daniel-Barden,Daniel-Barden,f670e314
265,Bali Mumba,/en/players/2d760d7b/Bali-Mumba,Bali-Mumba,2d760d7b
266,Tyrese Omotoye,/en/players/4ea75e87/Tyrese-Omotoye,Tyrese-Omotoye,4ea75e87
267,Reece McAlear,/en/players/ecb0cd77/Reece-McAlear,Reece-McAlear,ecb0cd77
268,Thomas Dickson-Peters,/en/players/f119a610/Thomas-Dickson-Peters,Thomas-Dickson-Peters,f119a610
269,Jon McCracken,/en/players/47188db7/Jon-McCracken,Jon-McCracken,47188db7
270,Ørjan Nyland,/en/players/bdedffac/Orjan-Nyland,Orjan-Nyland,bdedffac
271,﻿Teemu Pukki,/en/players/0745b37d/Teemu-Pukki,Teemu-Pukki,0745b37d
272,Pierre Lees-Melou,/en/players/f5044e54/Pierre-Lees-Melou,Pierre-Lees-Melou,f5044e54
273,Milot Rashica,/en/players/6c6a3300/Milot-Rashica,Milot-Rashica,6c6a3300
274,Brandon Williams,/en/players/5e74d6c8/Brandon-Williams,Brandon-Williams,5e74d6c8
275,Billy Gilmour,/en/players/df10e27c/Billy-Gilmour,Billy-Gilmour,df10e27c
276,Mathias Normann,/en/players/8996350d/Mathias-Normann,Mathias-Normann,8996350d
277,Josh Sargent,/en/players/a8d4428b/Josh-Sargent,Josh-Sargent,a8d4428b
278,Ozan Kabak,/en/players/2d61d13a/Ozan-Kabak,Ozan-Kabak,2d61d13a
279,Angus Gunn,/en/players/e082af5b/Angus-Gunn,Angus-Gunn,e082af5b
280,Christos Tzolis,/en/players/9f333379/Christos-Tzolis,Christos-Tzolis,9f333379
281,Tony Springett,/en/players/35be8087/Tony-Springett,Tony-Springett,35be8087
282,Jon Rowe,/en/players/8c12f884/Jon-Rowe,Jon-Rowe,8c12f884
283,Liam Gibbs,/en/players/e4b6d914/Liam-Gibbs,Liam-Gibbs,e4b6d914
284,Abu Kamara,/en/players/a6fbfa77/Abu-Kamara,Abu-Kamara,a6fbfa77
285,Jonathan Tomkinson,/en/players/4ba27cea/Jonathan-Tomkinson,Jonathan-Tomkinson,4ba27cea
